,NAS Species ID,Genus*,Species*,subspecies,Latitude*,Longitude*,Source*,Accuracy*,Locality*,Protected Area,Year*,Month,Day,Collectors,Gear,Contact,Pathway 1,Pathway 2,Pathway 3,Status,Reference ID*,Reference 2,Reference 3,Comments,Record Type*,Earliest Record,Year Accuracy of specimen*,Disposal,Museum Catalog Number,Verifier,UUID,Year Verified,Stock source,Introduction,Number Stocked,Number preserved,Number dead,Number of juveniles,Number of females,Number of Breeding females,Number of breeding males,Impact,Internal comments
12,,Myriophyllum,spicatum,,,,GNIS,Accurate,"('75 - Northeastern U.S.A.', 'Muddy Creek, SW of Port Clinton, Ottawa-Sandusky county line., Ottawa / Sandusky, Ohio, United States, North America', 'Muddy Creek, SW of Port Clinton, Ottawa-Sandusky county line.')('""Ottawa / Sandusky""', '""Ohio""', '""United States""', '""North America""')",,['1960s'],,,,,,,,,,,,,,specimen,,Estimated,,,,,,,,,,,,,,,,
53,,Trapa,natans,,,,GNIS,Accurate,"('75 - Northeastern U.S.A.', 'Orange, New York, United States, North America')('""Orange""', '""New York""', '""United States""', '""North America""')",,['1970s'],,,,,,,,,,,,,,specimen,,Estimated,,,,,,,,,,,,,,,,
144,,Hypophthalmichthys,molitrix,,,,GNIS,Accurate,"('United States, Illinois [uncertain]. Collected from Schafer Fisheries at the Boston Seafood show on March 13, 2013. Reportedly caught in Illinois., United States, North America', 'United States, Illinois [uncertain]. Collected from Schafer Fisheries at the Boston Seafood show on March 13, 2013. Reportedly caught in Illinois.')(nan, nan, '""United States""', '""North America""')",,['2010s'],,,,,,,,,,,,,,specimen,,Estimated,,,,,,,,,,,,,,,,
149,,Hypophthalmichthys,nobilis,,,,GNIS,Accurate,"('United States, Illinois [uncertain]. Collected from Schafer Fisheries at the Boston Seafood show on March 13, 2013. Reportedly caught in Illinois., United States, North America', 'United States, Illinois [uncertain]. Collected from Schafer Fisheries at the Boston Seafood show on March 13, 2013. Reportedly caught in Illinois.')(nan, nan, '""United States""', '""North America""')",,['2010s'],,,,,,,,,,,,,,specimen,,Estimated,,,,,,,,,,,,,,,,
169,,Alnus,glutinosa,,,,GNIS,Accurate,"('74 - North-Central U.S.A.', 'Will, Illinois, United States, North America')('""Will""', '""Illinois""', '""United States""', '""North America""')",,,,,,,,,,,,,,,,specimen,,Estimated,,,,,,,,,,,,,,,,
197,,Branchiura,sowerbyi,,,,GNIS,Accurate,"('R. L. Strecker', 'Near Oxford, At Edge Of Small Pond, Ohio, United States')(nan, '""Ohio""', '""United States""', nan)",,['1950s'],,,,,,,,,,,,,,specimen,,Estimated,,,,,,,,,,,,,,,,
242,,Neoergasilus,japonicus,,,,GNIS,Accurate,"Lake Huron, Saginaw Bay, Vanderbilt Park, 0.5 Ms Off Shore, Michigan, United States(nan, '""Michigan""', '""United States""', nan)",,['1990s'],,,,,,,,,,,,,,specimen,,Estimated,,,,,,,,,,,,,,,,
317,,Cirsium,palustre,,,,GNIS,Accurate,"('75 - Northeastern U.S.A.', 'Emmet County, grewly introduced on a a gravel cut north of Levering, Michigan, United States, North America', 'Emmet County, grewly introduced on a a gravel cut north of Levering')(nan, '""Michigan""', '""United States""', '""North America""')",,['1920s'],,,,,,,,,,,,,,specimen,,Estimated,,,,,,,,,,,,,,,,
319,,Cirsium,palustre,,,,GNIS,Accurate,"('75 - Northeastern U.S.A.', 'Ford Forestry Center, Sec. 18, T49N, R33W, very common along highways, roadsides and ditches, Michigan, United States, North America', 'Ford Forestry Center, Sec. 18, T49N, R33W, very common along highways, roadsides and ditches')(nan, '""Michigan""', '""United States""', '""North America""')",,['1970s'],,,,,,,,,,,,,,specimen,,Estimated,,,,,,,,,,,,,,,,
320,,Cirsium,palustre,,,,GNIS,Accurate,"('75 - Northeastern U.S.A.', 'Marquette County, border of wet woods, Lawson, Michigan, United States, North America', 'Marquette County, border of wet woods, Lawson')(nan, '""Michigan""', '""United States""', '""North America""')",,['1930s'],,,,,,,,,,,,,,specimen,,Estimated,,,,,,,,,,,,,,,,
347,,Dorosoma,cepedianum,,,,GNIS,Accurate,"('Mr. Cloudsley L. Rutter', 'Monroe Pier, Michigan, Monroe County, Michigan, United States, North America', 'Monroe Pier, Michigan')('""Monroe County""', '""Michigan""', '""United States""', '""North America""')",,['1890s'],,,,,,,,,,,,,,specimen,,Estimated,,,,,,,,,,,,,,,,
362,,Egeria,densa,,,,GNIS,Accurate,"('75 - Northeastern U.S.A.', 'Long Island. Above second dam, Peconic River. Suffolk County., New York, United States, North America', 'Long Island. Above second dam, Peconic River. Suffolk County.')(nan, '""New York""', '""United States""', '""North America""')",,['1930s'],,,,,,,,,,,,,,specimen,,Estimated,,,,,,,,,,,,,,,,
384,,Esox,masquinongy,,,,GNIS,Accurate,"('George W. Clarke', 'Ecorse, Wayne Co., Mich, Michigan, United States, North America', 'Ecorse, Wayne Co., Mich')(nan, '""Michigan""', '""United States""', '""North America""')",,[],,,,,,,,,,,,,,specimen,,Estimated,,,,,,,,,,,,,,,,
386,,Esox,masquinongy,,,,GNIS,Accurate,"('Josiah T. Scovell', 'Michian, Cheboygan, Michigan, United States, North America', 'Michian, Cheboygan')(nan, '""Michigan""', '""United States""', '""North America""')",,['1890s'],,,,,,,,,,,,,,specimen,,Estimated,,,,,,,,,,,,,,,,
387,,Esox,masquinongy,,,,GNIS,Accurate,"('Northern Minnesota, Minnesota, United States, North America', 'Northern Minnesota')(nan, '""Minnesota""', '""United States""', '""North America""')",,['1920s'],,,,,,,,,,,,,,specimen,,Estimated,,,,,,,,,,,,,,,,
388,,Esox,masquinongy,,,,GNIS,Accurate,"('Barton W. Evermann', 'N.Y. Lake Chauhauqua, Chautauqua County, New York, United States, North America', 'N.Y. Lake Chauhauqua')('""Chautauqua County""', '""New York""', '""United States""', '""North America""')",,,,,,,,,,,,,,,,specimen,,Estimated,,,,,,,,,,,,,,,,
389,,Esox,masquinongy,,,,GNIS,Accurate,"('Maryland Department of Natural Resources', 'From Minnesota Musky Farm Hatchery, obtained by Maryland Department ofNatural Resources, Fisheries Service, Rivers and Reservoirs Project, Minnesota, United States, North America', 'From Minnesota Musky Farm Hatchery, obtained by Maryland Department ofNatural Resources, Fisheries Service, Rivers and Reservoirs Project')(nan, '""Minnesota""', '""United States""', '""North America""')",,['1990s'],,,,,,,,,,,,,,specimen,,Estimated,,,,,,,,,,,,,,,,
391,,Esox,masquinongy,,,,GNIS,Accurate,"('Edward Enamait', 'Pleasant Mount Hatchery, Pennsylvania Fish and Boat Commission, Pennsylvania, United States, North America', 'Pleasant Mount Hatchery, Pennsylvania Fish and Boat Commission')(nan, '""Pennsylvania""', '""United States""', '""North America""')",,['2000s'],,,,,,,,,,,,,,specimen,,Estimated,,,,,,,,,,,,,,,,
392,,Esox,masquinongy,,,,GNIS,Accurate,"('Great Lake Region, Ohio, United States, North America', 'Great Lake Region')(nan, '""Ohio""', '""United States""', '""North America""')",,,,,,,,,,,,,,,,specimen,,Estimated,,,,,,,,,,,,,,,,
393,,Esox,masquinongy,,,,GNIS,Accurate,"('R. J. Petersen', 'Gass Road off State Route 97 at Clearfork Spillway, Richland County, Ohio, Richland County, Ohio, United States, North America', 'Gass Road off State Route 97 at Clearfork Spillway, Richland County, Ohio')('""Richland County""', '""Ohio""', '""United States""', '""North America""')",,['1970s'],,,,,,,,,,,,,,specimen,,Estimated,,,,,,,,,,,,,,,,
435,,Ictalurus,furcatus,,,,GNIS,Accurate,"('United States, Illinois [uncertain]. Collected from Schafer Fisheries at the Boston Seafood show on March 13, 2013. Reportedly caught in Illinois., United States, North America', 'United States, Illinois [uncertain]. Collected from Schafer Fisheries at the Boston Seafood show on March 13, 2013. Reportedly caught in Illinois.')(nan, nan, '""United States""', '""North America""')",,['2010s'],,,,,,,,,,,,,,specimen,,Estimated,,,,,,,,,,,,,,,,
437,,Ictalurus,furcatus,,,,GNIS,Accurate,"('Robert E. Coker', 'Ill: Warsaw, Hancock County, Illinois, United States, North America', 'Ill: Warsaw')('""Hancock County""', '""Illinois""', '""United States""', '""North America""')",,,,,,,,,,,,,,,,specimen,,Estimated,,,,,,,,,,,,,,,,
445,,Ictiobus,bubalus,,,,GNIS,Accurate,"('Barton W. Evermann', 'Indiana: Macksville Ponds Terre Haute, Vigo County, Indiana, United States, North America', 'Indiana: Macksville Ponds Terre Haute')('""Vigo County""', '""Indiana""', '""United States""', '""North America""')",,['1880s'],,,,,,,,,,,,,,specimen,,Estimated,,,,,,,,,,,,,,,,
446,,Ictiobus,bubalus,,,,GNIS,Accurate,"('Barton W. Evermann', 'Indiana: Macksville Ponds Terre Haute, Vigo County, Indiana, United States, North America', 'Indiana: Macksville Ponds Terre Haute')('""Vigo County""', '""Indiana""', '""United States""', '""North America""')",,['1880s'],,,,,,,,,,,,,,specimen,,Estimated,,,,,,,,,,,,,,,,
447,,Ictiobus,bubalus,,,,GNIS,Accurate,"('Barton W. Evermann', 'Indiana: Mackey Ferry Wabash River, Indiana, United States, North America', 'Indiana: Mackey Ferry Wabash River')(nan, '""Indiana""', '""United States""', '""North America""')",,['1890s'],,,,,,,,,,,,,,specimen,,Estimated,,,,,,,,,,,,,,,,
495,,Alisma,triviale,,42.4534,-87.8012,Reported,Accurate,"('74 - North-Central U.S.A.', 'Zion. Hosah Park, E side of western panne, north end., Lake, Illinois, United States, North America', 'Zion. Hosah Park, E side of western panne, north end.')('""Lake""', '""Illinois""', '""United States""', '""North America""')",,['2020s'],,,,,,,,,,,,,,specimen,,Estimated,,,,,,,,,,,,,,,,
518,,Lycopus,asper,,,,GNIS,Accurate,"('74 - North-Central U.S.A.', 'Heron Lake, Jackson County. Shallow water., Minnesota, United States, North America', 'Heron Lake, Jackson County. Shallow water.')(nan, '""Minnesota""', '""United States""', '""North America""')",,['1920s'],,,,,,,,,,,,,,specimen,,Estimated,,,,,,,,,,,,,,,,
519,,Lycopus,asper,,,,GNIS,Accurate,"('74 - North-Central U.S.A.', 'Moist ditch by RR, 3 mi north of Bejou, Mahnomen Co., Minnesota, United States, North America', 'Moist ditch by RR, 3 mi north of Bejou, Mahnomen Co.')(nan, '""Minnesota""', '""United States""', '""North America""')",,['1940s'],,,,,,,,,,,,,,specimen,,Estimated,,,,,,,,,,,,,,,,
545,,Myriophyllum,aquaticum,,,,GNIS,Accurate,"('75 - Northeastern U.S.A.', 'N of Lucasville, Scioto, Ohio, United States, North America', 'N of Lucasville')('""Scioto""', '""Ohio""', '""United States""', '""North America""')",,['1940s'],,,,,,,,,,,,,,specimen,,Estimated,,,,,,,,,,,,,,,,
564,,Notropis,buchanani,,,,GNIS,Accurate,"('David S. Jordan', 'Big Creek, Mount Vernon Indiana, Posey County, Indiana, United States, North America', 'Big Creek, Mount Vernon Indiana')('""Posey County""', '""Indiana""', '""United States""', '""North America""')",,['1880s'],,,,,,,,,,,,,,specimen,,Estimated,,,,,,,,,,,,,,,,
567,,Percina,shumardi,,,,GNIS,Accurate,"('Barton W. Evermann', 'Wabash River, Terre Haute, Indiana, Vigo County, Indiana, United States, North America', 'Wabash River, Terre Haute, Indiana')('""Vigo County""', '""Indiana""', '""United States""', '""North America""')",,['1880s'],,,,,,,,,,,,,,specimen,,Estimated,,,,,,,,,,,,,,,,
568,,Percina,shumardi,,,,GNIS,Accurate,"('Barton W. Evermann', ""Indiana: Wabash River Durkee's Ferry, Vigo County, Indiana, United States, North America"", ""Indiana: Wabash River Durkee's Ferry"")('""Vigo County""', '""Indiana""', '""United States""', '""North America""')",,['1880s'],,,,,,,,,,,,,,specimen,,Estimated,,,,,,,,,,,,,,,,
572,,Percina,shumardi,,,,GNIS,Accurate,"('Barton W. Evermann', 'Wabash River, Durkees Ferry, Indiana, Vigo County, Indiana, United States, North America', 'Wabash River, Durkees Ferry, Indiana')('""Vigo County""', '""Indiana""', '""United States""', '""North America""')",,['1890s'],,,,,,,,,,,,,,specimen,,Estimated,,,,,,,,,,,,,,,,
573,,Percina,shumardi,,,,GNIS,Accurate,"('Barton W. Evermann', ""Wabash River, Durkee's Ferry, Indiana, Vigo County, Indiana, United States, North America"", ""Wabash River, Durkee's Ferry, Indiana"")('""Vigo County""', '""Indiana""', '""United States""', '""North America""')",,['1880s'],,,,,,,,,,,,,,specimen,,Estimated,,,,,,,,,,,,,,,,
582,,Phalaris,arundinacea,,42.4056,-76.4602,Reported,Accurate,"('75 - Northeastern U.S.A.', 'SE Ithaca, about 275 Burns Rd., S of Six Mile Cr., Tompkins, New York, United States, North America', 'SE Ithaca, about 275 Burns Rd., S of Six Mile Cr.')('""Tompkins""', '""New York""', '""United States""', '""North America""')",,['1990s'],,,,,,,,,,,,,,specimen,,Estimated,,,,,,,,,,,,,,,,
588,,Pomoxis,annularis,,,,GNIS,Accurate,"('Dr. Timothy M. Berra', ""Twilliger's Pond, Put-in-Bay, Ottawa County, Ohio, Ottawa County, Ohio, United States, North America"", ""Twilliger's Pond, Put-in-Bay, Ottawa County, Ohio"")('""Ottawa County""', '""Ohio""', '""United States""', '""North America""')",,['1980s'],,,,,,,,,,,,,,specimen,,Estimated,,,,,,,,,,,,,,,,
648,,Petromyzon,marinus,,,,GNIS,Accurate,"('D. E. Miller', 'N.Y., Constantia, New York, United States, North America', 'N.Y., Constantia')(nan, '""New York""', '""United States""', '""North America""')",,,,,,,,,,,,,,,,specimen,,Estimated,,,,,,,,,,,,,,,,
649,,Petromyzon,marinus,,,,GNIS,Accurate,"('L. Belding', 'Cayuga Lake, New York, United States, North America', 'Cayuga Lake')(nan, '""New York""', '""United States""', '""North America""')",,,,,,,,,,,,,,,,specimen,,Estimated,,,,,,,,,,,,,,,,
657,,Petromyzon,marinus,,,,GNIS,Accurate,"('Charles J. Copley', 'N.Y., Tompkinsville, Richmond county, New York, United States, North America', 'N.Y., Tompkinsville')('""Richmond county""', '""New York""', '""United States""', '""North America""')",,,,,,,,,,,,,,,,specimen,,Estimated,,,,,,,,,,,,,,,,
676,,Argulus,japonicus,,,,GNIS,Accurate,"('C. C. Hill', 'Carlisle, Pa., Pennsylvania, United States, North America')(nan, '""Pennsylvania""', '""United States""', '""North America""')",,['1930s'],,,,,,,,,,,,,,specimen,,Estimated,,,,,,,,,,,,,,,,
677,,Argulus,japonicus,,,,GNIS,Accurate,"('R. Jilek', 'Illinois, United States, North America')(nan, '""Illinois""', '""United States""', '""North America""')",,['1970s'],,,,,,,,,,,,,,specimen,,Estimated,,,,,,,,,,,,,,,,
678,,Dactylogyrus,amphibothrium,,46.7833,-92.1066,Reported,Accurate,"('David K. Cone', 'Duluth Harbor, Minnesota, United States, North America')(nan, '""Minnesota""', '""United States""', '""North America""')",,['1990s'],,,,,,,,,,,,,,specimen,,Estimated,,,,,,,,,,,,,,,,
693,,Faxonius,rusticus,,40.9082,-85.2955,Reported,Accurate,"('H. H. Hobbs', 'Eightmile Creek, On State Route 3, 1 mile SW Of Zanesville, Wells County, Indiana, United States')('""Wells County""', '""Indiana""', '""United States""', nan)",,['1970s'],,,,,,,,,,,,,,specimen,,Estimated,,,,,,,,,,,,,,,,
694,,Orconectes,rusticus,,41.7639,-84.3279,Reported,Accurate,"('E. P. Creaser', 'Lime Creek, Lenawee County, Michigan, United States')('""Lenawee County""', '""Michigan""', '""United States""', nan)",,['1920s'],,,,,,,,,,,,,,specimen,,Estimated,,,,,,,,,,,,,,,,
695,,Orconectes,putnami,,40.8128,-85.0141,Reported,Accurate,"('H. H. Hobbs', 'Holthouse Ditch At Peterson, Adams County, Indiana, United States')('""Adams County""', '""Indiana""', '""United States""', nan)",,['1970s'],,,,,,,,,,,,,,specimen,,Estimated,,,,,,,,,,,,,,,,
699,,Gammarus,fasciatus,,,,GNIS,Accurate,"('E. L. Bousfield', 'Lake Superior, Ashland, Wisconsin, United States')(nan, '""Wisconsin""', '""United States""', nan)",,['1950s'],,,,,,,,,,,,,,specimen,,Estimated,,,,,,,,,,,,,,,,
700,,Gammarus,fasciatus,,,,GNIS,Accurate,"Hudson River, In Creek Near West Point, New York, United States(nan, '""New York""', '""United States""', nan)",,,,,,,,,,,,,,,,specimen,,Estimated,,,,,,,,,,,,,,,,
716,,Ripistes,parasita,,,,GNIS,Accurate,"('K. W. Simpson', 'Utica, New York State Barge Canal, 40 Meters Downstream (East) Of Mohawk Street Bridge, Oneida County, New York, United States')('""Oneida County""', '""New York""', '""United States""', nan)",,['1970s'],,,,,,,,,,,,,,specimen,,Estimated,,,,,,,,,,,,,,,,
717,,Salmincola,lotae,,,,GNIS,Accurate,"('D. R. Sutherland', 'Lake Superior, Holton Point, Michigan, United States, North America')(nan, '""Michigan""', '""United States""', '""North America""')",,['1980s'],,,,,,,,,,,,,,specimen,,Estimated,,,,,,,,,,,,,,,,
732,,Sphacelaria,lacustris,,43.0917,-87.8667,Reported,Accurate,"('North American Terrestrial', 'Shorewood, 1000 m east of Atwater Beach, Lake Michigan., Milwaukee, Wisconsin, United States, North America', 'Shorewood, 1000 m east of Atwater Beach, Lake Michigan.')('""Milwaukee""', '""Wisconsin""', '""United States""', '""North America""')",,['1970s'],,,,,,,,,,,,,,specimen,,Estimated,,,,,,,,,,,,,,,,
779,,Bithynia,tentaculata,,,,GNIS,Accurate,"Illinois, United States(nan, '""Illinois""', '""United States""', nan)",,,,,,,,,,,,,,,,specimen,,Estimated,,,,,,,,,,,,,,,,
785,,Bithynia,tentaculata,,,,GNIS,Accurate,"New York, United States(nan, '""New York""', '""United States""', nan)",,,,,,,,,,,,,,,,specimen,,Estimated,,,,,,,,,,,,,,,,
786,,Bithynia,tentaculata,,,,GNIS,Accurate,"New York, United States(nan, '""New York""', '""United States""', nan)",,,,,,,,,,,,,,,,specimen,,Estimated,,,,,,,,,,,,,,,,
787,,Bithynia,tentaculata,,,,GNIS,Accurate,"New York, United States(nan, '""New York""', '""United States""', nan)",,,,,,,,,,,,,,,,specimen,,Estimated,,,,,,,,,,,,,,,,
798,,Cambarus,robustus,,,,GNIS,Accurate,"('Wabash River Drainage', '1/2 mile west Monument City, Huntington County, Indiana, United States')('""Huntington County""', '""Indiana""', '""United States""', nan)",,,,,,,,,,,,,,,,specimen,,Estimated,,,,,,,,,,,,,,,,
799,,Cambarus,robustus,,,,GNIS,Accurate,"('E. B. Williamson', 'Mud Creek, Cass County, Indiana, United States')('""Cass County""', '""Indiana""', '""United States""', nan)",,['1930s'],,,,,,,,,,,,,,specimen,,Estimated,,,,,,,,,,,,,,,,
811,,Carassius,auratus,,,,GNIS,Accurate,"('Dr. Timothy M. Berra', 'Haunks Pond and Swamp, Middle Bass Island, Ottawa County, Ohio, Ottawa County, Ohio, United States, North America', 'Haunks Pond and Swamp, Middle Bass Island, Ottawa County, Ohio')('""Ottawa County""', '""Ohio""', '""United States""', '""North America""')",,['1970s'],,,,,,,,,,,,,,specimen,,Estimated,,,,,,,,,,,,,,,,
831,,Ctenopharyngodon,idella,,,,GNIS,Accurate,"('United States, Illinois [uncertain]. Collected from Schafer Fisheries at the Boston Seafood show on March 13, 2013. Reportedly caught in Illinois., United States, North America', 'United States, Illinois [uncertain]. Collected from Schafer Fisheries at the Boston Seafood show on March 13, 2013. Reportedly caught in Illinois.')(nan, nan, '""United States""', '""North America""')",,['2010s'],,,,,,,,,,,,,,specimen,,Estimated,,,,,,,,,,,,,,,,
872,,Elimia,virginica,,,,GNIS,Accurate,"Pennsylvania, United States(nan, '""Pennsylvania""', '""United States""', nan)",,,,,,,,,,,,,,,,specimen,,Estimated,,,,,,,,,,,,,,,,
892,,Esox,niger,,40.7836,-78.6761,Reported,Accurate,"('EPA EMAP 1997', 'Chest Creek, Tyrone, Clearfield County, Pennsylvania, United States, North America', 'Chest Creek, Tyrone')('""Clearfield County""', '""Pennsylvania""', '""United States""', '""North America""')",,['1990s'],,,,,,,,,,,,,,specimen,,Estimated,,,,,,,,,,,,,,,,
911,,Orconectes,(Faxonius),,,,GNIS,Accurate,"('Wood', 'Penn Creek, tributary of Penn Creek, 2 miles west of New Berlin, Snyder County, Pennsylvania, United States')('""Snyder County""', '""Pennsylvania""', '""United States""', nan)",,['1950s'],,,,,,,,,,,,,,specimen,,Estimated,,,,,,,,,,,,,,,,
915,,Orconectes,(Faxonius),,,,GNIS,Accurate,"('Ameel', 'Middle Creek, Selinsgrove, Snyder County, Pennsylvania, United States')('""Snyder County""', '""Pennsylvania""', '""United States""', nan)",,['1930s'],,,,,,,,,,,,,,specimen,,Estimated,,,,,,,,,,,,,,,,
920,,Faxonius,propinquus,,41.2251,-86.0551,Reported,Accurate,"('Tippecanoe River', 'Tippecanoe River and Lake, Kosciusko County, Indiana, United States')('""Kosciusko County""', '""Indiana""', '""United States""', nan)",,[],,,,,,,,,,,,,,specimen,,Estimated,,,,,,,,,,,,,,,,
921,,Faxonius,propinquus,,42.6395,-85.7581,Reported,Accurate,"('W. H. Howard', 'Bear Creek, 3 miles N.W. of Allegan, Allegan County, Michigan, United States')('""Allegan County""', '""Michigan""', '""United States""', nan)",,['1940s'],,,,,,,,,,,,,,specimen,,Estimated,,,,,,,,,,,,,,,,
922,,Orconectes,rusticus,,41.7639,-84.3279,Reported,Accurate,"('E. P. Creaser', 'Lime Creek, Lenawee County, Michigan, United States')('""Lenawee County""', '""Michigan""', '""United States""', nan)",,['1920s'],,,,,,,,,,,,,,specimen,,Estimated,,,,,,,,,,,,,,,,
929,,Fredericella,sultana,,,,GNIS,Accurate,"('United States Fish Commission', 'Erie, Boat Landing, Pennsylvania, United States')(nan, '""Pennsylvania""', '""United States""', nan)",,['1890s'],,,,,,,,,,,,,,specimen,,Estimated,,,,,,,,,,,,,,,,
953,,Gillia,altilis,,,,GNIS,Accurate,"New York, United States(nan, '""New York""', '""United States""', nan)",,,,,,,,,,,,,,,,specimen,,Estimated,,,,,,,,,,,,,,,,
956,,Gillia,altilis,,,,GNIS,Accurate,"Pennsylvania, United States(nan, '""Pennsylvania""', '""United States""', nan)",,,,,,,,,,,,,,,,specimen,,Estimated,,,,,,,,,,,,,,,,
957,,Gillia,altilis,,,,GNIS,Accurate,"New York, United States(nan, '""New York""', '""United States""', nan)",,,,,,,,,,,,,,,,specimen,,Estimated,,,,,,,,,,,,,,,,
981,,Ictiobus,cyprinellus,,,,GNIS,Accurate,"('Quincy Station, Illinois, Adams County, Illinois, United States, North America', 'Quincy Station, Illinois')('""Adams County""', '""Illinois""', '""United States""', '""North America""')",,['1900s'],,,,,,,,,,,,,,specimen,,Estimated,,,,,,,,,,,,,,,,
983,,Ictiobus,cyprinellus,,,,GNIS,Accurate,"('United States, Illinois [uncertain]. Collected from Schafer Fisheries at the Boston Seafood show on March 13, 2013. Reportedly caught in Illinois., United States, North America', 'United States, Illinois [uncertain]. Collected from Schafer Fisheries at the Boston Seafood show on March 13, 2013. Reportedly caught in Illinois.')(nan, nan, '""United States""', '""North America""')",,['2010s'],,,,,,,,,,,,,,specimen,,Estimated,,,,,,,,,,,,,,,,
984,,Ictiobus,cyprinellus,,,,GNIS,Accurate,"('Barton W. Evermann', 'Indiana: Macksville Ponds Terre Haute, Vigo County, Indiana, United States, North America', 'Indiana: Macksville Ponds Terre Haute')('""Vigo County""', '""Indiana""', '""United States""', '""North America""')",,['1880s'],,,,,,,,,,,,,,specimen,,Estimated,,,,,,,,,,,,,,,,
991,,Lasmigona,subviridis,,,,GNIS,Accurate,"('J. Lewis', 'Mohawk, Erie Canal, New York, United States')(nan, '""New York""', '""United States""', nan)",,,,,,,,,,,,,,,,specimen,,Estimated,,,,,,,,,,,,,,,,
992,,Lasmigona,subviridis,,42.7742,-73.7001,Reported,Accurate,"('M. C. Lea', 'Cohoes Falls, New York, United States')(nan, '""New York""', '""United States""', nan)",,,,,,,,,,,,,,,,specimen,,Estimated,,,,,,,,,,,,,,,,
993,,Lasmigona,subviridis,,42.7609,-73.6871,Reported,Accurate,"('Lewis', 'Mohawk River, New York, United States')(nan, '""New York""', '""United States""', nan)",,,,,,,,,,,,,,,,specimen,,Estimated,,,,,,,,,,,,,,,,
994,,Lasmigona,subviridis,,40.0337,-76.5044,Reported,Accurate,"('Haldermann', 'Columbia, Pennsylvania, United States')(nan, '""Pennsylvania""', '""United States""', nan)",,,,,,,,,,,,,,,,specimen,,Estimated,,,,,,,,,,,,,,,,
995,,Lasmigona,subviridis,,40.0246,-75.2141,Reported,Accurate,"('I. Lea', 'Schuylkill, Opposite Manayunk, Pennsylvania, United States')(nan, '""Pennsylvania""', '""United States""', nan)",,,,,,,,,,,,,,,,specimen,,Estimated,,,,,,,,,,,,,,,,
996,,Lasmigona,subviridis,,40.4273,-78.3889,Reported,Accurate,"('I. Lea', 'Hollidaysburg, Pennsylvania, United States')(nan, '""Pennsylvania""', '""United States""', nan)",,,,,,,,,,,,,,,,specimen,,Estimated,,,,,,,,,,,,,,,,
1004,,Lepisosteus,platostomus,,,,GNIS,Accurate,"('Mr. Cloudsley L. Rutter', 'Ohio, Fremont, Sandusky County, Ohio, United States, North America', 'Ohio, Fremont')('""Sandusky County""', '""Ohio""', '""United States""', '""North America""')",,['1890s'],,,,,,,,,,,,,,specimen,,Estimated,,,,,,,,,,,,,,,,
1012,,Lepomis,humilis,,,,GNIS,Accurate,"('Dr. Timothy M. Berra', ""Twilliger's Pond, Put-in-Bay, Ottawa County, Ohio, Ottawa County, Ohio, United States, North America"", ""Twilliger's Pond, Put-in-Bay, Ottawa County, Ohio"")('""Ottawa County""', '""Ohio""', '""United States""', '""North America""')",,['1980s'],,,,,,,,,,,,,,specimen,,Estimated,,,,,,,,,,,,,,,,
1013,,Lepomis,humilis,,,,GNIS,Accurate,"('Dr. Timothy M. Berra', 'Portage River, 3.8 miles east of Elmore on Highway 105, Ohio, United States, North America', 'Portage River, 3.8 miles east of Elmore on Highway 105')(nan, '""Ohio""', '""United States""', '""North America""')",,['1970s'],,,,,,,,,,,,,,specimen,,Estimated,,,,,,,,,,,,,,,,
1032,,Lophopodella,carteri,,,,GNIS,Accurate,"('M. D. Rogick', 'Lake Erie, South Bass Island, Squaw Harbor, Ohio, United States')(nan, '""Ohio""', '""United States""', nan)",,['1930s'],,,,,,,,,,,,,,specimen,,Estimated,,,,,,,,,,,,,,,,
1033,,Lophopodella,carteri,,,,GNIS,Accurate,"('Arthur D. Bradford', 'Hankens Pond, Wayne County, Pennsylvania, United States')('""Wayne County""', '""Pennsylvania""', '""United States""', nan)",,['1940s'],,,,,,,,,,,,,,specimen,,Estimated,,,,,,,,,,,,,,,,
1067,,Lysimachia,punctata,,,,GNIS,Accurate,"('75 - Northeastern U.S.A.', 'Near Ithaca, New York., New York, United States, North America', 'Near Ithaca, New York.')(nan, '""New York""', '""United States""', '""North America""')",,['1880s'],,,,,,,,,,,,,,specimen,,Estimated,,,,,,,,,,,,,,,,
1070,,Lysimachia,punctata,,,,GNIS,Accurate,"('75 - Northeastern U.S.A.', 'Northern New York, Along roadside south of Ogdensburg, St. Lawrence County., New York, United States, North America', 'Northern New York, Along roadside south of Ogdensburg, St. Lawrence County.')(nan, '""New York""', '""United States""', '""North America""')",,['1930s'],,,,,,,,,,,,,,specimen,,Estimated,,,,,,,,,,,,,,,,
1072,,Lysimachia,punctata,,,,GNIS,Accurate,"('75 - Northeastern U.S.A.', 'Northern New York, Gouverneur., New York, United States, North America', 'Northern New York, Gouverneur.')(nan, '""New York""', '""United States""', '""North America""')",,['1910s'],,,,,,,,,,,,,,specimen,,Estimated,,,,,,,,,,,,,,,,
1073,,Lysimachia,punctata,,,,GNIS,Accurate,"('75 - Northeastern U.S.A.', 'Hamilton Co., Ohio, United States, North America', 'Hamilton Co.')(nan, '""Ohio""', '""United States""', '""North America""')",,[],,,,,,,,,,,,,,specimen,,Estimated,,,,,,,,,,,,,,,,
1118,,Mentha,aquatica,,,,GNIS,Accurate,"('75 - Northeastern U.S.A.', 'Long Island, Roadside, Mt. Sinai., New York, United States, North America', 'Long Island, Roadside, Mt. Sinai.')(nan, '""New York""', '""United States""', '""North America""')",,['1870s'],,,,,,,,,,,,,,specimen,,Estimated,,,,,,,,,,,,,,,,
1119,,Mentha,aquatica,,,,GNIS,Accurate,"('75 - Northeastern U.S.A.', 'Long Island., New York, United States, North America', 'Long Island.')(nan, '""New York""', '""United States""', '""North America""')",,,,,,,,,,,,,,,,specimen,,Estimated,,,,,,,,,,,,,,,,
1120,,Mentha,aquatica,,,,GNIS,Accurate,"('75 - Northeastern U.S.A.', 'Long Island, Roadside, Mt. Sinai., New York, United States, North America', 'Long Island, Roadside, Mt. Sinai.')(nan, '""New York""', '""United States""', '""North America""')",,['1870s'],,,,,,,,,,,,,,specimen,,Estimated,,,,,,,,,,,,,,,,
1150,,Myosotis,scorpioides,,,,GNIS,Accurate,"('74 - North-Central U.S.A.', 'Washington County, Growing in a spring along the St. Croix River bank 1 1/2 miles north of Stillwater., Minnesota, United States, North America', 'Washington County, Growing in a spring along the St. Croix River bank 1 1/2 miles north of Stillwater.')(nan, '""Minnesota""', '""United States""', '""North America""')",,['1950s'],,,,,,,,,,,,,,specimen,,Estimated,,,,,,,,,,,,,,,,
1161,,Najas,marina,,,,GNIS,Accurate,"('75 - Northeastern U.S.A.', 'SW corner of Big Mendon Pond, Mendon Township, Monroe, New York, United States, North America', 'SW corner of Big Mendon Pond, Mendon Township')('""Monroe""', '""New York""', '""United States""', '""North America""')",,['1930s'],,,,,,,,,,,,,,specimen,,Estimated,,,,,,,,,,,,,,,,
1163,,Najas,marina,,,,GNIS,Accurate,"('75 - Northeastern U.S.A.', 'Resthaven Wildlife Area, NW of Castalia, Margaretta Twp., Erie, Ohio, United States, North America', 'Resthaven Wildlife Area, NW of Castalia, Margaretta Twp.')('""Erie""', '""Ohio""', '""United States""', '""North America""')",,['1970s'],,,,,,,,,,,,,,specimen,,Estimated,,,,,,,,,,,,,,,,
1166,,Najas,marina,,,,GNIS,Accurate,"('75 - Northeastern U.S.A.', 'Cayuga Marshes, Paurelius, Cayuga, New York, United States, North America', 'Cayuga Marshes, Paurelius')('""Cayuga""', '""New York""', '""United States""', '""North America""')",,['1910s'],,,,,,,,,,,,,,specimen,,Estimated,,,,,,,,,,,,,,,,
1169,,Najas,minor,,,,GNIS,Accurate,"('75 - Northeastern U.S.A.', 'Sterling Pond, North Fair Haven, Sterling Township, Cayuga, New York, United States, North America', 'Sterling Pond, North Fair Haven, Sterling Township')('""Cayuga""', '""New York""', '""United States""', '""North America""')",,['1930s'],,,,,,,,,,,,,,specimen,,Estimated,,,,,,,,,,,,,,,,
1172,,Najas,minor,,,,GNIS,Accurate,"('75 - Northeastern U.S.A.', 'Shawnee St For, Wolfden Reservoir, Scioto, Ohio, United States, North America', 'Shawnee St For, Wolfden Reservoir')('""Scioto""', '""Ohio""', '""United States""', '""North America""')",,['1960s'],,,,,,,,,,,,,,specimen,,Estimated,,,,,,,,,,,,,,,,
1175,,Najas,minor,,,,GNIS,Accurate,"('75 - Northeastern U.S.A.', 'Near Edenton, Clermont, Ohio, United States, North America', 'Near Edenton')('""Clermont""', '""Ohio""', '""United States""', '""North America""')",,['1950s'],,,,,,,,,,,,,,specimen,,Estimated,,,,,,,,,,,,,,,,
1177,,Najas,minor,,,,GNIS,Accurate,"('75 - Northeastern U.S.A.', 'East Harbor, East Harbor State Park, Ottawa, Ohio, United States, North America', 'East Harbor, East Harbor State Park')('""Ottawa""', '""Ohio""', '""United States""', '""North America""')",,['1960s'],,,,,,,,,,,,,,specimen,,Estimated,,,,,,,,,,,,,,,,
1188,,Nitokra,hibernica,,,,GNIS,Accurate,"Lake Michigan, Near Whiting, Indiana, United States(nan, '""Indiana""', '""United States""', nan)",,['1990s'],,,,,,,,,,,,,,specimen,,Estimated,,,,,,,,,,,,,,,,
1189,,Nitokra,hibernica,,,,GNIS,Accurate,"('Dr. Patrick L. Hudson', 'Lake St. Clair, Mount Clemens, Michigan, United States')(nan, '""Michigan""', '""United States""', nan)",,['1990s'],,,,,,,,,,,,,,specimen,,Estimated,,,,,,,,,,,,,,,,
1197,,Noturus,insignis,,,,GNIS,Accurate,"('Barton A. Bean', 'Conoy Creek, Bainbridge, Pennsylvania, Lancaster County, Pennsylvania, United States, North America', 'Conoy Creek, Bainbridge, Pennsylvania')('""Lancaster County""', '""Pennsylvania""', '""United States""', '""North America""')",,[],,,,,,,,,,,,,,specimen,,Estimated,,,,,,,,,,,,,,,,
1210,,Oncorhynchus,kisutch,,,,GNIS,Accurate,"('Lake Michigan, United States, North America', 'Lake Michigan')(nan, nan, '""United States""', '""North America""')",,,,,,,,,,,,,,,,specimen,,Estimated,,,,,,,,,,,,,,,,
1213,,Oncorhynchus,kisutch,,,,GNIS,Accurate,"('Jay Swaidner', 'Put-In-Bay Hatchery, Ottawa County, Ohio, Ottawa County, Ohio, United States, North America', 'Put-In-Bay Hatchery, Ottawa County, Ohio')('""Ottawa County""', '""Ohio""', '""United States""', '""North America""')",,['1970s'],,,,,,,,,,,,,,specimen,,Estimated,,,,,,,,,,,,,,,,
1222,,Oncorhynchus,mykiss,,,,GNIS,Accurate,"('Dr. Timothy M. Berra', 'Put-In-Bay Hatchery, Ottawa County, Ohio, Ottawa County, Ohio, United States, North America', 'Put-In-Bay Hatchery, Ottawa County, Ohio')('""Ottawa County""', '""Ohio""', '""United States""', '""North America""')",,['1990s'],,,,,,,,,,,,,,specimen,,Estimated,,,,,,,,,,,,,,,,
1223,,Oncorhynchus,mykiss,,40.1383,-78.5522,Reported,Accurate,"('EPA EMAP 1997', 'Dunning Creek, Johnstown, Bedford County, Pennsylvania, United States, North America', 'Dunning Creek, Johnstown')('""Bedford County""', '""Pennsylvania""', '""United States""', '""North America""')",,['1990s'],,,,,,,,,,,,,,specimen,,Estimated,,,,,,,,,,,,,,,,
1224,,Oncorhynchus,mykiss,,41.95,-75.3669,Reported,Accurate,"('EPA EMAP 1997', 'Balls Creek, Wayne County, Pennsylvania, United States, North America', 'Balls Creek')('""Wayne County""', '""Pennsylvania""', '""United States""', '""North America""')",,['1990s'],,,,,,,,,,,,,,specimen,,Estimated,,,,,,,,,,,,,,,,
1225,,Oncorhynchus,mykiss,,42.0025,-80.1744,Reported,Accurate,"('EPA EMAP 1997', 'Elk Creek, Erie, Erie County, Pennsylvania, United States, North America', 'Elk Creek, Erie')('""Erie County""', '""Pennsylvania""', '""United States""', '""North America""')",,['1990s'],,,,,,,,,,,,,,specimen,,Estimated,,,,,,,,,,,,,,,,
1226,,Oncorhynchus,mykiss,,41.9475,-80.4481,Reported,Accurate,"('EPA EMAP 1997', 'Racoon Creek, Erie County, Pennsylvania, United States, North America', 'Racoon Creek')('""Erie County""', '""Pennsylvania""', '""United States""', '""North America""')",,['1990s'],,,,,,,,,,,,,,specimen,,Estimated,,,,,,,,,,,,,,,,
1227,,Oncorhynchus,mykiss,,41.95,-75.3669,Reported,Accurate,"('Balls Creek, Wayne County, Pennsylvania, United States, North America', 'Balls Creek')('""Wayne County""', '""Pennsylvania""', '""United States""', '""North America""')",,['1990s'],,,,,,,,,,,,,,specimen,,Estimated,,,,,,,,,,,,,,,,
1267,,Phenacobius,mirabilis,,,,GNIS,Accurate,"('David S. Jordan', 'White River, Indiana., Indiana, United States, North America', 'White River, Indiana.')(nan, '""Indiana""', '""United States""', '""North America""')",,['1870s'],,,,,,,,,,,,,,specimen,,Estimated,,,,,,,,,,,,,,,,
1305,,Poa,trivialis,,42.5872,-78.0169,Reported,Accurate,"('75 - Northeastern U.S.A.', 'Letchworth State Park, Genesee River, Wyoming, New York, United States, North America', 'Letchworth State Park, Genesee River')('""Wyoming""', '""New York""', '""United States""', '""North America""')",,['1990s'],,,,,,,,,,,,,,specimen,,Estimated,,,,,,,,,,,,,,,,
1327,,Potamothrix,bedoti,,,,GNIS,Accurate,"('D. R. Spencer', 'Cayuga Lake, New York, United States')(nan, '""New York""', '""United States""', nan)",,['1970s'],,,,,,,,,,,,,,specimen,,Estimated,,,,,,,,,,,,,,,,
1328,,Potamothrix,bedoti,,,,GNIS,Accurate,"('D. R. Spencer', 'Cayuga Lake, New York, United States')(nan, '""New York""', '""United States""', nan)",,['1970s'],,,,,,,,,,,,,,specimen,,Estimated,,,,,,,,,,,,,,,,
1329,,Potamothrix,moldaviensis,,,,GNIS,Accurate,"('D. R. Spencer', 'Cayuga Lake, New York, United States')(nan, '""New York""', '""United States""', nan)",,['1970s'],,,,,,,,,,,,,,specimen,,Estimated,,,,,,,,,,,,,,,,
1340,,Puccinellia,distans,,,,GNIS,Accurate,"('75 - Northeastern U.S.A.', 'Ithaca, Bailey Hortorium Greenhouse collection, Tompkins, New York, United States, North America', 'Ithaca, Bailey Hortorium Greenhouse collection')('""Tompkins""', '""New York""', '""United States""', '""North America""')",,['1990s'],,,,,,,,,,,,,,specimen,,Estimated,,,,,,,,,,,,,,,,
1351,,Radix,auricularia,,,,GNIS,Accurate,"Illinois, United States(nan, '""Illinois""', '""United States""', nan)",,,,,,,,,,,,,,,,specimen,,Estimated,,,,,,,,,,,,,,,,
1359,,Radix,auricularia,,,,GNIS,Accurate,"Ohio, United States(nan, '""Ohio""', '""United States""', nan)",,,,,,,,,,,,,,,,specimen,,Estimated,,,,,,,,,,,,,,,,
1397,,Salix,alba,,,,GNIS,Accurate,"('75 - Northeastern U.S.A.', 'Washtenaw, Michigan, United States, North America')('""Washtenaw""', '""Michigan""', '""United States""', '""North America""')",,,,,,,,,,,,,,,,specimen,,Estimated,,,,,,,,,,,,,,,,
1417,,Salix,purpurea,,,,GNIS,Accurate,"('75 - Northeastern U.S.A.', 'Painesville, Kohankie Nursery, Lake, Ohio, United States, North America', 'Painesville, Kohankie Nursery')('""Lake""', '""Ohio""', '""United States""', '""North America""')",,,,,,,,,,,,,,,,specimen,,Estimated,,,,,,,,,,,,,,,,
1456,,Sparganium,glomeratum,,,,GNIS,Accurate,"('74 - North-Central U.S.A.', 'Mts. Itaska Lake., Minnesota, United States, North America', 'Mts. Itaska Lake.')(nan, '""Minnesota""', '""United States""', '""North America""')",,['1890s'],,,,,,,,,,,,,,specimen,,Estimated,,,,,,,,,,,,,,,,
1459,,Sparganium,glomeratum,,,,GNIS,Accurate,"('74 - North-Central U.S.A.', 'Minnesota Point. In bog, bay side. Sec. 19. Duluth., Minnesota, United States, North America', 'Minnesota Point. In bog, bay side. Sec. 19. Duluth.')(nan, '""Minnesota""', '""United States""', '""North America""')",,['1930s'],,,,,,,,,,,,,,specimen,,Estimated,,,,,,,,,,,,,,,,
1462,,Sparganium,glomeratum,,,,GNIS,Accurate,"('74 - North-Central U.S.A.', 'Small spaghnum bog, bayside Sec. 19, Minnesota Point, Duluth., Minnesota, United States, North America', 'Small spaghnum bog, bayside Sec. 19, Minnesota Point, Duluth.')(nan, '""Minnesota""', '""United States""', '""North America""')",,['1940s'],,,,,,,,,,,,,,specimen,,Estimated,,,,,,,,,,,,,,,,
1496,,Alosa,pseudoharengus,,,,GNIS,Accurate,"('Tarleton H. Bean', 'New York, Patchogue, Long Island, Suffolk County, New York, United States, Atlantic', 'New York, Patchogue, Long Island')('""Suffolk County""', '""New York""', '""United States""', '""Atlantic""')",,['1900s'],,,,,,,,,,,,,,specimen,,Estimated,,,,,,,,,,,,,,,,
1503,,Alosa,pseudoharengus,,,,GNIS,Accurate,"('Alfred C. Weed', 'Lake Ontario, Sodus Point, New York, United States, North America', 'Lake Ontario, Sodus Point')(nan, '""New York""', '""United States""', '""North America""')",,['1900s'],,,,,,,,,,,,,,specimen,,Estimated,,,,,,,,,,,,,,,,
1508,,Aplodinotus,grunniens,,,,GNIS,Accurate,"('United States, Illinois [uncertain]. Collected from Boston Seafood Expo on March 13, 2013. Reportedly caught in Illinois by commercial fishermen., United States, North America', 'United States, Illinois [uncertain]. Collected from Boston Seafood Expo on March 13, 2013. Reportedly caught in Illinois by commercial fishermen.')(nan, nan, '""United States""', '""North America""')",,['2010s'],,,,,,,,,,,,,,specimen,,Estimated,,,,,,,,,,,,,,,,
1511,,Aplodinotus,grunniens,,,,GNIS,Accurate,"('Mr. Cloudsley L. Rutter', 'Ohio, Fremont, Sandusky County, Ohio, United States, North America', 'Ohio, Fremont')('""Sandusky County""', '""Ohio""', '""United States""', '""North America""')",,['1890s'],,,,,,,,,,,,,,specimen,,Estimated,,,,,,,,,,,,,,,,
1565,,Cyprinus,carpio,,,,GNIS,Accurate,"('Dr. Timothy M. Berra', 'Haunks Pond and Swamp, Middle Bass Island, Ottawa County, Ohio, Ottawa County, Ohio, United States, North America', 'Haunks Pond and Swamp, Middle Bass Island, Ottawa County, Ohio')('""Ottawa County""', '""Ohio""', '""United States""', '""North America""')",,['1970s'],,,,,,,,,,,,,,specimen,,Estimated,,,,,,,,,,,,,,,,
1566,,Cyprinus,carpio,,,,GNIS,Accurate,"('United States, Illinois [uncertain]. Collected from Boston Seafood Expo on March 13, 2013. Reportedly caught in Illinois by commercial fishermen., United States, North America', 'United States, Illinois [uncertain]. Collected from Boston Seafood Expo on March 13, 2013. Reportedly caught in Illinois by commercial fishermen.')(nan, nan, '""United States""', '""North America""')",,['2010s'],,,,,,,,,,,,,,specimen,,Estimated,,,,,,,,,,,,,,,,
1570,,Elimia,livescens,,,,GNIS,Accurate,"New York, United States(nan, '""New York""', '""United States""', nan)",,,,,,,,,,,,,,,,specimen,,Estimated,,,,,,,,,,,,,,,,
1571,,Elimia,livescens,,,,GNIS,Accurate,"Indiana, United States(nan, '""Indiana""', '""United States""', nan)",,,,,,,,,,,,,,,,specimen,,Estimated,,,,,,,,,,,,,,,,
1572,,Elimia,livescens,,,,GNIS,Accurate,"Indiana, United States(nan, '""Indiana""', '""United States""', nan)",,,,,,,,,,,,,,,,specimen,,Estimated,,,,,,,,,,,,,,,,
1573,,Elimia,livescens,,,,GNIS,Accurate,"Indiana, United States(nan, '""Indiana""', '""United States""', nan)",,,,,,,,,,,,,,,,specimen,,Estimated,,,,,,,,,,,,,,,,
1574,,Elimia,livescens,,,,GNIS,Accurate,"Indiana, United States(nan, '""Indiana""', '""United States""', nan)",,,,,,,,,,,,,,,,specimen,,Estimated,,,,,,,,,,,,,,,,
1575,,Elimia,livescens,,,,GNIS,Accurate,"Indiana, United States(nan, '""Indiana""', '""United States""', nan)",,,,,,,,,,,,,,,,specimen,,Estimated,,,,,,,,,,,,,,,,
1576,,Elimia,livescens,,,,GNIS,Accurate,"Indiana, United States(nan, '""Indiana""', '""United States""', nan)",,,,,,,,,,,,,,,,specimen,,Estimated,,,,,,,,,,,,,,,,
1577,,Elimia,livescens,,,,GNIS,Accurate,"New York, United States(nan, '""New York""', '""United States""', nan)",,,,,,,,,,,,,,,,specimen,,Estimated,,,,,,,,,,,,,,,,
1593,,Labidesthes,sicculus,,,,GNIS,Accurate,"('Dr. Ernest A. Lachner', 'Pennsylvania: Mercer County, French Creek, tributary of Allegheny River, at Carlton, just off Route 322, Mercer County, Pennsylvania, United States, North America', 'Pennsylvania: Mercer County, French Creek, tributary of Allegheny River, at Carlton, just off Route 322')('""Mercer County""', '""Pennsylvania""', '""United States""', '""North America""')",,['1940s'],,,,,,,,,,,,,,specimen,,Estimated,,,,,,,,,,,,,,,,
1613,,Microstegium,vimineum,,,,GNIS,Accurate,"('75 - Northeastern U.S.A.', 'New York, Bronx, New York Botanical Garden. Almost solid colony along 30 m. of rail fence by the dam on the Bronx River., New York, United States, North America', 'New York, Bronx, New York Botanical Garden. Almost solid colony along 30 m. of rail fence by the dam on the Bronx River.')(nan, '""New York""', '""United States""', '""North America""')",,['1990s'],,,,,,,,,,,,,,specimen,,Estimated,,,,,,,,,,,,,,,,
1680,,Salmincola,edwardsii,,,,GNIS,Accurate,"Sleepy Creek, Houghton Lake, Michigan, United States(nan, '""Michigan""', '""United States""', nan)",,['1900s'],,,,,,,,,,,,,,specimen,,Estimated,,,,,,,,,,,,,,,,
1681,,Salmincola,edwardsii,,,,GNIS,Accurate,"Wild Rose, Wisconsin, United States(nan, '""Wisconsin""', '""United States""', nan)",,,,,,,,,,,,,,,,specimen,,Estimated,,,,,,,,,,,,,,,,
1682,,Salmincola,edwardsii,,,,GNIS,Accurate,"('Dr. William H. Dall', 'Wild Rose, Wisconsin, United States')(nan, '""Wisconsin""', '""United States""', nan)",,,,,,,,,,,,,,,,specimen,,Estimated,,,,,,,,,,,,,,,,
1683,,Salmincola,edwardsii,,,,GNIS,Accurate,"('P. G. Zalsman', 'Wild Rose, Wisconsin, United States')(nan, '""Wisconsin""', '""United States""', nan)",,,,,,,,,,,,,,,,specimen,,Estimated,,,,,,,,,,,,,,,,
1686,,Salmincola,edwardsii,,,,GNIS,Accurate,"('Hunter', 'Lake Titus, Franklin County, New York, United States')('""Franklin County""', '""New York""', '""United States""', nan)",,['1930s'],,,,,,,,,,,,,,specimen,,Estimated,,,,,,,,,,,,,,,,
1689,,Salmincola,edwardsii,,,,GNIS,Accurate,"Caledonia, New York, United States(nan, '""New York""', '""United States""', nan)",,,,,,,,,,,,,,,,specimen,,Estimated,,,,,,,,,,,,,,,,
1718,,Stagnicola,palustris,,,,GNIS,Accurate,"('Royal Brunson', 'Douglas Lake, Grapevine Point, beach pool, Cheboygan County, Michigan, United States')('""Cheboygan County""', '""Michigan""', '""United States""', nan)",,['1930s'],,,,,,,,,,,,,,specimen,,Estimated,,,,,,,,,,,,,,,,
1730,,Alosa,chrysochloris,,,,GNIS,Accurate,"('Atlantic, Gulf of Mexico', 'Louisiana, Illinois Central bridge, Pass Manchac, Louisiana, United States, Atlantic', 'Louisiana, Illinois Central bridge, Pass Manchac')(nan, '""Louisiana""', '""United States""', '""Atlantic""')",,['1930s'],,,,,,,,,,,,,,specimen,,Estimated,,,,,,,,,,,,,,,,
1783,,Proterorhinus,semilunaris,,42.5943,-82.8033,Reported,Accurate,"('Joshua Brown', 'Clinton River, approximately 1 kiloeterm upstream of Lake St. Clair, Mount Clemens, Michigan, Macomb County, Michigan, United States, North America', 'Clinton River, approximately 1 kiloeterm upstream of Lake St. Clair, Mount Clemens, Michigan')('""Macomb County""', '""Michigan""', '""United States""', '""North America""')",,['2000s'],,,,,,,,,,,,,,specimen,,Estimated,,,,,,,,,,,,,,,,
1784,,Pylodictis,olivaris,,,,GNIS,Accurate,"('Wabash R. Bonebank, Ind., Posey County, Indiana, United States, North America', 'Wabash R. Bonebank, Ind.')('""Posey County""', '""Indiana""', '""United States""', '""North America""')",,,,,,,,,,,,,,,,specimen,,Estimated,,,,,,,,,,,,,,,,
1786,,Pylodictis,olivaris,,,,GNIS,Accurate,"('Robert E. Coker', 'Ill: Warsaw, Hancock County, Illinois, United States, North America', 'Ill: Warsaw')('""Hancock County""', '""Illinois""', '""United States""', '""North America""')",,,,,,,,,,,,,,,,specimen,,Estimated,,,,,,,,,,,,,,,,
1787,,Pylodictis,olivaris,,,,GNIS,Accurate,"('Robert E. Coker', 'Ill: Warsaw, Hancock County, Illinois, United States, North America', 'Ill: Warsaw')('""Hancock County""', '""Illinois""', '""United States""', '""North America""')",,,,,,,,,,,,,,,,specimen,,Estimated,,,,,,,,,,,,,,,,
1792,,Pylodictis,olivaris,,,,GNIS,Accurate,"('Barton W. Evermann', 'Wabash River, Bonebank, Indiana, Posey County, Indiana, United States, North America', 'Wabash River, Bonebank, Indiana')('""Posey County""', '""Indiana""', '""United States""', '""North America""')",,['1890s'],,,,,,,,,,,,,,specimen,,Estimated,,,,,,,,,,,,,,,,
1793,,Pylodictis,olivaris,,,,GNIS,Accurate,"('C. Juday', 'Pigeon River, Evansville, Indiana, Vanderburgh County, Indiana, United States, North America', 'Pigeon River, Evansville, Indiana')('""Vanderburgh County""', '""Indiana""', '""United States""', '""North America""')",,['1890s'],,,,,,,,,,,,,,specimen,,Estimated,,,,,,,,,,,,,,,,
1811,,Salmo,trutta,,,,GNIS,Accurate,"('Tarleton H. Bean', 'New York Aquarium', 'New York Aquarium')(nan, nan, nan, nan)",,['1890s'],,,,,,,,,,,,,,specimen,,Estimated,,,,,,,,,,,,,,,,
1820,,Salvinia,minima,,,,GNIS,Accurate,"('75 - Northeastern U.S.A.', 'Highland, Park Rochester, New York, United States, North America', 'Highland, Park Rochester')(nan, '""New York""', '""United States""', '""North America""')",,,,,,,,,,,,,,,,specimen,,Estimated,,,,,,,,,,,,,,,,
1823,,Salvinia,minima,,,,GNIS,Accurate,"('83 - Western South America', 'Maynas: Dtto. Indiana, above Bombanaje, Quebrada de Bombanaje a tributary of Quebrada Yanayacu, innundated margin, floating in water, Loreto, Peru, South America - Neotropics', 'Maynas: Dtto. Indiana, above Bombanaje, Quebrada de Bombanaje a tributary of Quebrada Yanayacu, innundated margin, floating in water')(nan, '""Loreto""', '""Peru""', '""South America - Neotropics""')",,['1970s'],,,,,,,,,,,,,,specimen,,Estimated,,,,,,,,,,,,,,,,
1825,,Viviparus,georgianus,,,,GNIS,Accurate,"New York, United States(nan, '""New York""', '""United States""', nan)",,,,,,,,,,,,,,,,specimen,,Estimated,,,,,,,,,,,,,,,,
